word,total_count,M_count,F_count
a,38076,18850,19226
abaixo,404,200,204
abalado,101,50,51
abandonar,101,50,51
abandonou,202,100,102
abastecer,101,50,51
abastecimento,303,150,153
abatimento,202,100,102
abernéssia,101,50,51
aberto,202,100,102
abertura,303,150,153
abordar,202,100,102
abraçando,101,50,51
abre,101,50,51
abril,101,50,51
abrir,101,50,51
abrir-se,101,50,51
abriu,101,50,51
absoluto,101,50,51
acaba,202,100,102
acabo,101,50,51
acabou,404,200,204
acaso,101,50,51
aceita,101,50,51
aceitaram,101,50,51
acertaram,101,50,51
acertou,202,100,102
acesso,101,50,51
acha,404,200,204
acham,101,50,51
achava,101,50,51
acho,404,200,204
acidente,202,100,102
acidentes,101,50,51
acima,202,100,102
acompanhamento,101,50,51
acompanhar,101,50,51
acontece,101,50,51
acontecer,101,50,51
aconteceu,303,150,153
acordo,303,150,153
acredita,101,50,51
acreditar,101,50,51
acreditavam,101,50,51
acrescido,101,50,51
acusa,101,50,51
acusado,101,50,51
adianta,101,50,51
administração,202,100,102
administrou,101,50,51
adolescentes,101,50,51
adoráveis,101,50,51
adotadas,101,50,51
adotar,101,50,51
adoção,101,50,51
adquiridas,101,50,51
adultos,101,50,51
adversária,101,50,51
adversários,202,100,102
advogadas,101,50,51
advogado,303,150,153
aeroportos,101,50,51
aeroportuários,101,50,51
afa,101,50,51
afetivas,101,50,51
afinal,101,50,51
afirma,404,200,204
afirmam,101,50,51
afirmaram,101,50,51
afirmou,505,250,255
agentes,101,50,51
agir,101,50,51
agonia,101,50,51
agora,1212,600,612
agosto,202,100,102
agremiações,101,50,51
agressivas,101,50,51
agressividade,101,50,51
agressivo,202,100,102
agricultura,101,50,51
agrupa,101,50,51
agrícola,101,50,51
aguardavam,101,50,51
aguentar,101,50,51
agência,303,150,153
agências,101,50,51
ainda,2222,1100,1122
aires,101,50,51
ajuda,202,100,102
ajudar,101,50,51
ajustado,101,50,51
ajuste,101,50,51
alberto,202,100,102
alcançou,101,50,51
alcoolismo,101,50,51
alcorão,101,50,51
alegre,101,50,51
alegres,101,50,51
aleijariam,101,50,51
alemanha,202,100,102
alemães,101,50,51
alessandra,101,50,51
alexandre,101,50,51
alfredo,101,50,51
alfândega,101,50,51
algo,202,100,102
algum,101,50,51
alguma,303,150,153
algumas,404,200,204
alguns,404,200,204
alguém,404,200,204
alheia,101,50,51
ali,101,50,51
aliados,101,50,51
alimentadas,101,50,51
aliás,101,50,51
alma,101,50,51
almeida,404,200,204
almoxarifado,101,50,51
almoço,101,50,51
alquimista,101,50,51
alta,404,200,204
alterações,101,50,51
alternativa,101,50,51
alto,202,100,102
altos,101,50,51
altura,101,50,51
aluga,101,50,51
aluguel,101,50,51
alunos,101,50,51
alvo,101,50,51
alvos,101,50,51
além,202,100,102
ama,101,50,51
amando,101,50,51
amanhã,101,50,51
amar,101,50,51
amarelo,101,50,51
amedrontando,101,50,51
americana,101,50,51
americanas,101,50,51
americano,101,50,51
ames,101,50,51
amigo,101,50,51
amigos,303,150,153
amistosos,101,50,51
amizade,101,50,51
amor,404,200,204
amostragem,101,50,51
amotinados,101,50,51
ampliou,101,50,51
amplo,101,50,51
américa,202,100,102
américas,101,50,51
ana,101,50,51
analisam,101,50,51
andam,101,50,51
andar,101,50,51
andrade,101,50,51
andrelino,101,50,51
andré,202,100,102
anfavea,101,50,51
angola,101,50,51
animais,101,50,51
animar,101,50,51
anistia,101,50,51
aniversário,202,100,102
ano,1515,750,765
anos,1919,950,969
antecipou,101,50,51
antenas,101,50,51
anteontem,303,150,153
anterior,202,100,102
antes,505,250,255
antitruste,101,50,51
anuais,101,50,51
anual,101,50,51
análise,202,100,102
análises,101,50,51
anúncio,101,50,51
ao,3131,1550,1581
aos,1111,550,561
aparece,101,50,51
aparecem,101,50,51
aparecer,101,50,51
apareceu,101,50,51
aparecia,101,50,51
apareciam,101,50,51
aparentava,101,50,51
apareça,202,100,102
apartamento,101,50,51
apartamentos,101,50,51
apenas,1414,700,714
apesar,202,100,102
apetite,101,50,51
aplaudiram,101,50,51
aplica,101,50,51
aplicada,202,100,102
aplicar,101,50,51
aplicação,202,100,102
aplicações,101,50,51
apoiar,101,50,51
apoio,101,50,51
apontam,101,50,51
apostados,101,50,51
apreendeu,101,50,51
apreendidas,101,50,51
apreensão,101,50,51
aprende,202,100,102
aprender,101,50,51
apresentado,202,100,102
apresentando,101,50,51
apresentar,101,50,51
apresentaram,101,50,51
apresentação,101,50,51
aprofundar,101,50,51
aprovar,101,50,51
aprovação,101,50,51
aprove,101,50,51
aproveitar,101,50,51
aptidões,101,50,51
apurada,101,50,51
apurados,101,50,51
apuração,101,50,51
após,303,150,153
aqueles,101,50,51
aqui,606,300,306
aquilo,101,50,51
aquisitivo,202,100,102
ar,202,100,102
aragão,202,100,102
argentina,505,250,255
argentino,101,50,51
argentinos,101,50,51
argumenta,303,150,153
argumentar,101,50,51
armadilhas,101,50,51
armados,101,50,51
armas,303,150,153
armazéns,101,50,51
armário,101,50,51
aromático,101,50,51
arqueológico,101,50,51
arrastou,101,50,51
arrecadado,101,50,51
arredondou,101,50,51
arribaçãs,101,50,51
arruda,101,50,51
arsenal,101,50,51
arte,606,300,306
articulando,101,50,51
artilheiro,101,50,51
artista,101,50,51
artistas,101,50,51
artística,101,50,51
arábia,101,50,51
as,7070,3500,3570
aspectos,101,50,51
assaltantes,202,100,102
assaltava,101,50,51
assalto,101,50,51
assegura,101,50,51
assegurado,101,50,51
assegurava,101,50,51
assembléia,202,100,102
assentamentos,101,50,51
assim,505,250,255
assinaturas,101,50,51
assis,101,50,51
assisti,101,50,51
assistiam,101,50,51
associação,202,100,102
assombração,101,50,51
assumem,101,50,51
assustador,202,100,102
astronautas,101,50,51
atacado,101,50,51
atacante,303,150,153
atacantes,202,100,102
ataques,404,200,204
atender,101,50,51
atenção,101,50,51
atingem,101,50,51
atitude,101,50,51
atividade,101,50,51
atividades,101,50,51
atletas,101,50,51
atlântica,101,50,51
ator,101,50,51
atores,101,50,51
atrapalha,101,50,51
atrapalharam,101,50,51
atraso,101,50,51
através,303,150,153
atrações,101,50,51
atraídos,101,50,51
atribuiu,202,100,102
atribuiu-se,101,50,51
atrizes,101,50,51
atrás,101,50,51
atua,101,50,51
atual,303,150,153
atualizado,101,50,51
atualmente,101,50,51
até,2020,1000,1020
auditor,101,50,51
auditório,101,50,51
augusto,101,50,51
aula,101,50,51
aumenta,101,50,51
aumentos,202,100,102
aumentou,101,50,51
australiano,101,50,51
ausência,101,50,51
automaticamente,101,50,51
automotores,101,50,51
automóveis,202,100,102
autor,202,100,102
autora,101,50,51
autoridade,202,100,102
autorizou,101,50,51
auxiliares,202,100,102
avaliados,101,50,51
avaliação,101,50,51
avançados,101,50,51
avançarmos,101,50,51
avanço,101,50,51
avanços,101,50,51
avançou,101,50,51
avenida,202,100,102
aves,101,50,51
avô,101,50,51
açougue,101,50,51
ação,404,200,204
ações,303,150,153
aérea,101,50,51
aí,202,100,102
bahia,202,100,102
baiana,202,100,102
baiano,101,50,51
bairros,202,100,102
baixando,101,50,51
baixas,101,50,51
baixo,202,100,102
baixos,202,100,102
balança,101,50,51
balançam,202,100,102
balanço,101,50,51
balas,101,50,51
balela,101,50,51
bancada,101,50,51
bancas,101,50,51
banco,707,350,357
bancos,202,100,102
bancária,101,50,51
bancários,101,50,51
banda,202,100,102
bandeira,202,100,102
banho,101,50,51
barco,202,100,102
barganhando,101,50,51
barriga,202,100,102
barros,101,50,51
base,101,50,51
basquete,101,50,51
basta,202,100,102
bastante,101,50,51
bastará,101,50,51
bastava,101,50,51
bate,101,50,51
batente,101,50,51
bateu,101,50,51
batismal,101,50,51
batizado,101,50,51
batizados,101,50,51
bebeto,202,100,102
bebê,101,50,51
beijando,202,100,102
beleza,101,50,51
belgas,101,50,51
bem,404,200,204
beneficiados,101,50,51
benevides,101,50,51
bens,101,50,51
besteiras,101,50,51
beterraba,101,50,51
bezerra,101,50,51
bia,101,50,51
bicheiro,101,50,51
bicheiros,101,50,51
bicho,101,50,51
bienal,101,50,51
bilhão,202,100,102
bilhões,606,300,306
binacional,101,50,51
biodiversidade,101,50,51
biscaia,202,100,102
biscoito,101,50,51
bisol,101,50,51
boa,404,200,204
boas,101,50,51
bocejou,101,50,51
bola,101,50,51
boladas,101,50,51
bolo,101,50,51
bolívia,101,50,51
bom,404,200,204
bonde,101,50,51
bordo,202,100,102
bosque,101,50,51
botafogo,202,100,102
botelho,101,50,51
branco,202,100,102
brandia,101,50,51
brasil,2323,1150,1173
brasileira,606,300,306
brasileiro,909,450,459
brasileiros,202,100,102
brasário,101,50,51
brasília,404,200,204
braz,101,50,51
brigamos,101,50,51
brinco,101,50,51
britânica,101,50,51
britânico,101,50,51
brizola,101,50,51
bronzeada,101,50,51
buenos,101,50,51
burocracia,101,50,51
burrice,101,50,51
busca,101,50,51
buscar,101,50,51
busco,202,100,102
básicas,101,50,51
bíblia,101,50,51
bóia,101,50,51
bóias-frias,101,50,51
bósnia,101,50,51
cabeça,202,100,102
cabine,101,50,51
cada,1313,650,663
cadastrados,101,50,51
cadeia,202,100,102
cadeiras,101,50,51
cadernetas,202,100,102
caderno,101,50,51
cadernos,101,50,51
café,101,50,51
cai,101,50,51
cair,101,50,51
caiu,303,150,153
caixa,101,50,51
caixinha,101,50,51
caixão,101,50,51
calcinha,101,50,51
calor,202,100,102
calúnia,101,50,51
cama,101,50,51
camarote,101,50,51
camarões,303,150,153
cambial,202,100,102
caminho,101,50,51
caminhão,101,50,51
camisa,101,50,51
camisinha,101,50,51
campanha,404,200,204
campanhas,101,50,51
campeonato,404,200,204
campeã,202,100,102
campeão,101,50,51
campo,505,250,255
canadá,101,50,51
candidato,202,100,102
candidatos,202,100,102
candidatura,101,50,51
canetas,101,50,51
cansou,101,50,51
canto,101,50,51
canção,202,100,102
capacitada,101,50,51
capitais,101,50,51
capital,101,50,51
capivari,101,50,51
caprichar,101,50,51
captadas,101,50,51
captam,101,50,51
captação,101,50,51
capítulo,101,50,51
cara,202,100,102
características,101,50,51
característicos,101,50,51
caras,101,50,51
cargo,303,150,153
carlos,303,150,153
carnaval,202,100,102
carne,202,100,102
carnes,101,50,51
caro,101,50,51
carregamento,101,50,51
carreira,202,100,102
carro,202,100,102
carros,101,50,51
cartão,101,50,51
cartões,101,50,51
carvão,101,50,51
casa,404,200,204
casagrande,101,50,51
casal,303,150,153
casar,101,50,51
casca,101,50,51
caso,404,200,204
catalisadores,101,50,51
categórico,101,50,51
catálogo,101,50,51
catálogos,101,50,51
causa,404,200,204
causas,202,100,102
causou,101,50,51
cauteloso,202,100,102
caça-níqueis,202,100,102
caí,101,50,51
caíram,101,50,51
cbf,101,50,51
ceder,101,50,51
cedo,101,50,51
celsius,101,50,51
celso,101,50,51
cem,404,200,204
cenas,101,50,51
cenoura,101,50,51
cenouras,101,50,51
censo,101,50,51
centavo,202,100,102
cento,2626,1300,1326
central,303,150,153
centralizava,101,50,51
centro,202,100,102
cenário,101,50,51
cerca,303,150,153
cercadinho,101,50,51
cerebral,101,50,51
certo,101,50,51
cerâmica,101,50,51
cestas,101,50,51
chama,101,50,51
chamadas,101,50,51
chamados,101,50,51
chamar,101,50,51
chamá-lo,101,50,51
chance,202,100,102
chances,404,200,204
chateada,101,50,51
chave,202,100,102
chefona,101,50,51
chega,303,150,153
chegado,101,50,51
chegam,202,100,102
chegaram,202,100,102
chegavam,101,50,51
chegou,303,150,153
cheia,101,50,51
cheio,101,50,51
cheques,101,50,51
chile,101,50,51
chinês,101,50,51
chocolate,101,50,51
chorando,101,50,51
chover,101,50,51
chuva,101,50,51
chuvas,101,50,51
cibrasa,101,50,51
cidadania,101,50,51
cidade,505,250,255
cidadão,101,50,51
científicas,101,50,51
cigano,101,50,51
cigarros,202,100,102
cima,202,100,102
cinco,1414,700,714
cinquenta,1212,600,612
cintilações,101,50,51
cinto,101,50,51
circula,101,50,51
circulação,101,50,51
circunstanciais,101,50,51
ciro,303,150,153
cirurgia,101,50,51
cirurgião,101,50,51
citado,101,50,51
civil,202,100,102
civis,202,100,102
clara,101,50,51
claro,404,200,204
classe,101,50,51
classificado,101,50,51
classificam-se,101,50,51
classificar,101,50,51
classificação,202,100,102
classificou,101,50,51
clicar,202,100,102
cliente,101,50,51
clientes,202,100,102
clima,101,50,51
clube,101,50,51
clubes,101,50,51
cláudio,101,50,51
clínico,101,50,51
clóvis,101,50,51
cobra,101,50,51
cobrador,101,50,51
cobranças,202,100,102
cobrar,101,50,51
coelho,101,50,51
coisa,303,150,153
coisas,404,200,204
coisíssima,101,50,51
colaborador,101,50,51
colega,101,50,51
colegial,101,50,51
coletados,101,50,51
colete,101,50,51
coleção,202,100,102
colocado,101,50,51
colocando,101,50,51
colocar,101,50,51
colocação,101,50,51
colocações,101,50,51
colocou,202,100,102
colombiano,101,50,51
coloridos,101,50,51
columbia,101,50,51
coluna,101,50,51
colégio,101,50,51
colômbia,101,50,51
com,6767,3350,3417
comanda,101,50,51
combate,303,150,153
comece,101,50,51
comemorou,101,50,51
comento,101,50,51
comer,202,100,102
comerciais,202,100,102
comercial,101,50,51
comercializados,101,50,51
comete,101,50,51
cometeu,101,50,51
começa,202,100,102
começam,303,150,153
começar,101,50,51
começaram,101,50,51
começou,202,100,102
comida,101,50,51
comidas,101,50,51
comissão,101,50,51
comitê,303,150,153
como,2625,1300,1325
companheiros,100,50,50
companhia,101,50,51
comparada,101,50,51
comparado,101,50,51
compareceram,101,50,51
competir,101,50,51
competitividade,101,50,51
competição,202,100,102
completa,101,50,51
completo,101,50,51
completou,101,50,51
complexo,101,50,51
comportamento,101,50,51
comportasse,101,50,51
comporto,101,50,51
composições,101,50,51
composta,101,50,51
compostas,101,50,51
comprando,101,50,51
comprar,101,50,51
compras,101,50,51
comprei,101,50,51
comprometeu,101,50,51
comprometidos,101,50,51
compromisso,101,50,51
computador,202,100,102
computadores,101,50,51
comum,303,150,153
comunicado,101,50,51
comunicação,202,100,102
comuns,101,50,51
comércio,202,100,102
concedidos,101,50,51
conceito,101,50,51
concentram-se,101,50,51
concentrarão,101,50,51
concentração,101,50,51
conciliações,101,50,51
concluir,101,50,51
conclusão,101,50,51
conclusões,101,50,51
concluídas,101,50,51
concluíram,101,50,51
concordar,101,50,51
concorrência,101,50,51
concurso,202,100,102
condição,202,100,102
condições,101,50,51
conduzida,101,50,51
conexão,101,50,51
confederação,101,50,51
confere,101,50,51
conferência,101,50,51
confessa,101,50,51
confirmados,101,50,51
conformam,101,50,51
conforto,101,50,51
confuso,101,50,51
confusão,303,150,153
congelamento,101,50,51
conhece,101,50,51
conheci,101,50,51
conhecido,202,100,102
conhecimento,101,50,51
conquista,101,50,51
conquistar,101,50,51
conquistou,101,50,51
consagrados,101,50,51
consagrou,101,50,51
conscientizando,101,50,51
consciência,101,50,51
conseguem,202,100,102
conseguia,101,50,51
conseguiram,303,150,153
conseguirmos,101,50,51
consensos,101,50,51
conservação,101,50,51
considerado,403,200,203
consideram,101,50,51
considerações,101,50,51
considerou,101,50,51
consiste,101,50,51
consolação,101,50,51
consolidaria,101,50,51
consolidação,101,50,51
constante,202,100,102
constitucional,101,50,51
constituição,505,250,255
constrangedora,101,50,51
construção,101,50,51
consultado,101,50,51
consultas,202,100,102
consumidor,202,100,102
consumidores,101,50,51
consumidos,101,50,51
consumo,202,100,102
conta,303,150,153
contabilidade,101,50,51
contar,101,50,51
contas,202,100,102
contato,202,100,102
contatos,101,50,51
contemplar,101,50,51
contestação,101,50,51
contexto,101,50,51
contingente,101,50,51
continua,606,300,306
continuam,101,50,51
continuavam,101,50,51
contista,101,50,51
contra,1212,600,612
contraceptivo,101,50,51
contradições,101,50,51
contrapartidas,101,50,51
contratar,101,50,51
contratação,101,50,51
contribuir,101,50,51
contribuições,101,50,51
controla,101,50,51
controlar,303,150,153
controle,202,100,102
contundiu,101,50,51
contínua,202,100,102
convencer,101,50,51
conversões,202,100,102
converte,101,50,51
convidado,101,50,51
convive,101,50,51
conviver,101,50,51
convocada,303,150,153
convocados,101,50,51
convênio,101,50,51
coordenar,202,100,102
copa,606,300,306
copas,101,50,51
cor,101,50,51
coração,404,200,204
cores,101,50,51
corintiano,101,50,51
coronel,101,50,51
corpo,303,150,153
corregedoria,101,50,51
correr,101,50,51
correspondência,101,50,51
correção,101,50,51
correções,101,50,51
corrida,101,50,51
corte,101,50,51
coréia,101,50,51
costuma-se,101,50,51
cotado,101,50,51
cotação,101,50,51
covas,404,200,204
coxa,202,100,102
craque,101,50,51
credibilidade,101,50,51
cremaram,101,50,51
crescem,101,50,51
crescimento,202,100,102
criado,101,50,51
crianças,303,150,153
criar,101,50,51
criatividade,101,50,51
criação,202,100,102
crime,606,300,306
criminal,101,50,51
criolita,101,50,51
criou,101,50,51
crise,202,100,102
cristiano,101,50,51
criticar,101,50,51
criticou,101,50,51
crucial,101,50,51
cruz,101,50,51
cruzeirenses,101,50,51
cruzeiro,101,50,51
cruzeiros,303,150,153
crítica,202,100,102
críticas,101,50,51
críticos,101,50,51
cuidado,101,50,51
cuidadosamente,101,50,51
cuja,101,50,51
culpa,101,50,51
culposo,101,50,51
cultura,202,100,102
cultural,101,50,51
cumprido,101,50,51
cumprir,202,100,102
curar-se,101,50,51
curiosidades,101,50,51
curitiba,101,50,51
curso,303,150,153
cursos,101,50,51
curta,101,50,51
curto,202,100,102
cusparada,101,50,51
custa,202,100,102
custar,101,50,51
custo,202,100,102
custos,202,100,102
cutuque-o,101,50,51
cálculo,101,50,51
cálculos,101,50,51
câmara,303,150,153
câmbio,202,100,102
câmeras,101,50,51
célio,101,50,51
cérebro,101,50,51
céu,202,100,102
cíntia,101,50,51
código,101,50,51
cópia,101,50,51
da,10706,5300,5406
dada,101,50,51
dados,505,250,255
dali,101,50,51
danceterias,101,50,51
danos,101,50,51
dança,101,50,51
daqui,101,50,51
dar,303,150,153
daria,101,50,51
dartiu,101,50,51
dará,101,50,51
das,2525,1250,1275
data,202,100,102
datafolha,303,150,153
dava-me,101,50,51
daí,101,50,51
de,40297,19950,20347
debaixo,101,50,51
debate,303,150,153
decanato,101,50,51
decidiram,101,50,51
decidirá,101,50,51
decidiu-se,101,50,51
decisão,404,200,204
decisões,101,50,51
declarações,101,50,51
declividade,101,50,51
decorado,101,50,51
decorativos,101,50,51
decretou,101,50,51
dedicada,101,50,51
defasagem,101,50,51
defende,202,100,102
defenderam,101,50,51
defensivo,101,50,51
defesa,202,100,102
definidas,101,50,51
definido,101,50,51
definir,101,50,51
deflagrado,101,50,51
deixar,303,150,153
deixaram,101,50,51
deixe,101,50,51
deixou,303,150,153
dela,202,100,102
delas,101,50,51
dele,303,150,153
delegacias,101,50,51
delegada,101,50,51
delegados,101,50,51
delegação,101,50,51
delegações,101,50,51
deles,404,200,204
demais,404,200,204
demanda,101,50,51
demissão,101,50,51
demitiu,101,50,51
democracia,202,100,102
demográfico,101,50,51
demonstra,202,100,102
demonstrar,101,50,51
demora,202,100,102
demorar,101,50,51
densidade,101,50,51
dentes,101,50,51
dentista,101,50,51
dentro,101,50,51
denunciou,101,50,51
departamento,101,50,51
depender,101,50,51
depoimentos,101,50,51
depois,1111,550,561
deputado,101,50,51
deputados,101,50,51
depósitos,101,50,51
derivados,101,50,51
derrota,202,100,102
desafio,202,100,102
desalojadas,101,50,51
desaparece,101,50,51
desaprende,101,50,51
desarmar,101,50,51
descarga,101,50,51
descarta,202,100,102
descem,101,50,51
descobertos,101,50,51
descobre,101,50,51
desconfio,101,50,51
desculpas,202,100,102
desculpável,101,50,51
desde,606,300,306
desejo,202,100,102
desempenho,202,100,102
desemprego,202,100,102
desenvolvendo,101,50,51
desenvolvidos,101,50,51
desenvolvimento,101,50,51
desequilíbrio,202,100,102
desestimulou,101,50,51
desfalcada,101,50,51
desfeita,101,50,51
desfile,202,100,102
desfiles,101,50,51
desgaste,101,50,51
desgraçado,101,50,51
deslizamento,101,50,51
deslocamentos,101,50,51
desmandos,101,50,51
desnecessária,101,50,51
despenca,101,50,51
desperdiçadas,101,50,51
despesa,101,50,51
desprezados,101,50,51
desrespeito,101,50,51
dessa,101,50,51
dessas,303,150,153
desse,303,150,153
desses,303,150,153
desta,202,100,102
destaques,101,50,51
deste,303,150,153
destinado,101,50,51
destruir,101,50,51
destruiria,101,50,51
desvalorização,101,50,51
desvalorize,101,50,51
detalhe,101,50,51
detentos,101,50,51
detenção,101,50,51
deteriorado,101,50,51
detetive,101,50,51
detidos,101,50,51
deturpada,101,50,51
deu,202,100,102
deus,101,50,51
deve,808,400,408
devem,404,200,204
devemos,202,100,102
deveria,202,100,102
deverá,404,200,204
deverão,101,50,51
devia,101,50,51
devido,202,100,102
devolução,101,50,51
dez,707,350,357
dezembro,202,100,102
dezenove,303,150,153
dezesseis,303,150,153
dezessete,303,150,153
dezoito,202,100,102
dia,1717,850,867
diabo,101,50,51
diabos,101,50,51
diagnóstico,202,100,102
diante,202,100,102
dias,1515,750,765
dicionário,101,50,51
diese,101,50,51
dieta,101,50,51
diferente,101,50,51
diferença,303,150,153
diferenças,101,50,51
dificuldade,101,50,51
dificuldades,101,50,51
dificultaria,101,50,51
difícil,202,100,102
digestão,101,50,51
digo,101,50,51
diminuir,101,50,51
dinamizar,101,50,51
dinheiro,707,350,357
dinâmico,101,50,51
diplomacia,101,50,51
direita,101,50,51
direito,101,50,51
diretas,101,50,51
diretoria,101,50,51
direção,101,50,51
dirigem,101,50,51
dirigido,101,50,51
disciplina,101,50,51
discorda,101,50,51
discos,101,50,51
discreto,101,50,51
discurso,101,50,51
discutir,202,100,102
disfarça,101,50,51
disfez,101,50,51
disparados,101,50,51
disponível,202,100,102
disposição,101,50,51
disputa,202,100,102
disputou,101,50,51
disquete,101,50,51
disse,909,450,459
disseram,101,50,51
disso,303,150,153
distintos,101,50,51
distorcida,101,50,51
distribuirá,101,50,51
distribuiu,101,50,51
distribuída,101,50,51
ditas,101,50,51
diversos,202,100,102
diversão,101,50,51
divertir,101,50,51
divertiram,101,50,51
divisão,202,100,102
divulga,101,50,51
divulgada,101,50,51
divulgado,101,50,51
divulgar,101,50,51
diz,707,350,357
dizem,303,150,153
dizendo,101,50,51
dizer,505,250,255
dizia,101,50,51
diziam,101,50,51
diário,101,50,51
diâmetro,101,50,51
do,16463,8150,8313
doador,202,100,102
doados,101,50,51
doce,101,50,51
documento,202,100,102
documentos,202,100,102
documentário,101,50,51
doente,101,50,51
doença,202,100,102
dogmática,101,50,51
dois,3737,1850,1887
dominados,101,50,51
dominará,101,50,51
domingo,303,150,153
domínio,202,100,102
dor,101,50,51
dormir,202,100,102
dorotéia,101,50,51
dos,6161,3050,3111
dosar,101,50,51
doze,202,100,102
dramaturgos,101,50,51
droga,101,50,51
drogas,101,50,51
duarte,101,50,51
duas,909,450,459
duplicidade,101,50,51
durante,707,350,357
duração,303,150,153
duzentas,101,50,51
duzentos,606,300,306
dá,303,150,153
dão,101,50,51
débito,101,50,51
década,202,100,102
décimo,202,100,102
décimos,101,50,51
dízimo,101,50,51
dólar,505,250,255
dólares,1414,700,714
dúvidas,101,50,51
e,22422,11100,11322
ecologia,101,50,51
ecológico,101,50,51
economia,101,50,51
economizou,101,50,51
econômica,303,150,153
econômico,101,50,51
ecoturismo,101,50,51
edifício,101,50,51
edição,101,50,51
edições,101,50,51
eduardo,404,200,204
educação,101,50,51
efeitos,202,100,102
eficiência,101,50,51
ela,1212,600,612
elas,404,200,204
ele,4847,2400,2447
eleito,101,50,51
eleitor,101,50,51
eleitorais,101,50,51
eleitoral,404,200,204
eles,1818,900,918
elevados,101,50,51
eliminada,101,50,51
eliminamos,101,50,51
eliminar,101,50,51
eliminarmos,101,50,51
elogiosa,101,50,51
elástica,101,50,51
elétrica,101,50,51
elétricos,101,50,51
em,11716,5800,5916
emancipação,101,50,51
embaixo,101,50,51
embalagens,101,50,51
embaraçosas,101,50,51
embarcou,101,50,51
embasada,101,50,51
embriagam,101,50,51
emissoras,101,50,51
emissão,101,50,51
emocionante,101,50,51
empatam,101,50,51
empataram,101,50,51
empate,202,100,102
empregado,101,50,51
empregados,202,100,102
emprego,101,50,51
empresa,707,350,357
empresas,404,200,204
emprestar,101,50,51
empresários,202,100,102
empréstimos,303,150,153
encarregado,101,50,51
encerrada,101,50,51
encomendas,101,50,51
encontrados,101,50,51
encontrar,202,100,102
encontrarem,101,50,51
encontro,202,100,102
encrave,101,50,51
endereços,101,50,51
endocrinologia,101,50,51
energia,101,50,51
enfeitar,101,50,51
enfim,101,50,51
enfrentar,101,50,51
engana,101,50,51
engenharia,101,50,51
engraçado,101,50,51
enorme,202,100,102
enquadramento,101,50,51
enquanto,404,200,204
ensino,101,50,51
entanto,303,150,153
entender,202,100,102
entra,404,200,204
entrada,101,50,51
entradas,101,50,51
entrar,202,100,102
entraram,101,50,51
entrava,101,50,51
entre,707,350,357
entregue,101,50,51
entretanto,101,50,51
entrevista,101,50,51
entrevistados,202,100,102
entrevistou,101,50,51
entrou,101,50,51
entusiasmado,101,50,51
entusiasmo,101,50,51
então,404,200,204
envelhecimento,101,50,51
enviadas,101,50,51
envolvimento,101,50,51
enxergar,101,50,51
enéas,303,150,153
episódio,101,50,51
equilibrar,101,50,51
equipe,303,150,153
equipes,202,100,102
era,1212,600,612
eram,505,250,255
errada,101,50,51
erramos,101,50,51
errar,101,50,51
erro,202,100,102
errou,202,100,102
erundina,202,100,102
escalação,101,50,51
escalões,101,50,51
esclareceu,101,50,51
esclarecimento,101,50,51
escola,101,50,51
escolas,202,100,102
escolha,202,100,102
escolhido,303,150,153
escolhidos,101,50,51
escondidas,101,50,51
escreveria,101,50,51
escritor,101,50,51
esforço,202,100,102
esforços,101,50,51
esgotou,101,50,51
esnobar,100,50,50
espaciais,101,50,51
espacial,101,50,51
espanha,101,50,51
espanhol,101,50,51
espanhola,101,50,51
espanhóis,101,50,51
espaço,404,200,204
especialista,101,50,51
especialmente,202,100,102
especificamente,101,50,51
espectro,101,50,51
específico,101,50,51
espelho,101,50,51
esperados,101,50,51
esperava,101,50,51
espetáculos,303,150,153
espiritual,101,50,51
esportes,101,50,51
espremer,101,50,51
espécie,505,250,255
esquecer,202,100,102
esquema,101,50,51
esquerda,101,50,51
esquerdo,101,50,51
essa,505,250,255
essas,404,200,204
esse,1010,500,510
esses,303,150,153
esta,1010,500,510
estabelece,202,100,102
estacionamento,101,50,51
estadista,101,50,51
estado,303,150,153
estados,303,150,153
estadual,303,150,153
estamos,303,150,153
estantes,101,50,51
estar,909,450,459
estarei,101,50,51
estarem,101,50,51
estaria,101,50,51
estariam,101,50,51
estará,101,50,51
estarão,101,50,51
estas,303,150,153
estava,909,450,459
estavam,101,50,51
estação,101,50,51
estações,202,100,102
este,1010,500,510
esteja,101,50,51
estes,303,150,153
estilo,202,100,102
estima-se,101,50,51
estimam,101,50,51
estiver,101,50,51
estiveram,101,50,51
estiverem,101,50,51
estoque,101,50,51
estou,404,200,204
estrangeira,101,50,51
estrangeiros,101,50,51
estranhas,101,50,51
estranho,101,50,51
estratificada,101,50,51
estratégia,101,50,51
estrelas,202,100,102
estréia,101,50,51
estudada,101,50,51
estudante,101,50,51
estudantes,101,50,51
estudo,101,50,51
estudou,101,50,51
está,2727,1350,1377
estádio,101,50,51
estágio,101,50,51
estáveis,101,50,51
estão,707,350,357
estúdios,101,50,51
etapas,101,50,51
eu,2323,1150,1173
euforia,202,100,102
europa,101,50,51
europeu,202,100,102
européia,101,50,51
evento,101,50,51
eventos,101,50,51
eventual,101,50,51
eventualmente,101,50,51
evidencia,101,50,51
evidente,101,50,51
evitaria,101,50,51
evite,101,50,51
evitei,101,50,51
evitá-la,101,50,51
evocação,101,50,51
evolução,202,100,102
ex-jogador,101,50,51
exatamente,101,50,51
exatas,101,50,51
excepcional,202,100,102
excessivo,101,50,51
excesso,101,50,51
exceção,101,50,51
exclui,101,50,51
exclusivamente,101,50,51
executivo,202,100,102
exemplo,202,100,102
exemplos,101,50,51
exercitar,101,50,51
exiba,101,50,51
exibida,101,50,51
exige,202,100,102
exigem,101,50,51
exigidas,101,50,51
exigir,101,50,51
exigências,101,50,51
exilados,101,50,51
exista,101,50,51
existe,303,150,153
existem,202,100,102
expectativa,101,50,51
expedito,101,50,51
experimentaram,101,50,51
experiências,303,150,153
explicação,101,50,51
explicações,202,100,102
explique,101,50,51
explosão,101,50,51
exporta,101,50,51
exposição,101,50,51
expulsões,101,50,51
exterior,303,150,153
externa,101,50,51
externas,101,50,51
externo,101,50,51
externos,101,50,51
extinção,101,50,51
extra,101,50,51
extremamente,202,100,102
exultante,101,50,51
exóticas,101,50,51
fabricantes,101,50,51
fabrício,101,50,51
facilmente,202,100,102
facão,101,50,51
faixa,101,50,51
faixas,101,50,51
fala,101,50,51
falado,202,100,102
falar,303,150,153
falha,101,50,51
falhamos,101,50,51
falhar,101,50,51
falo,202,100,102
falou,101,50,51
falso,101,50,51
falta,303,150,153
faltam,202,100,102
faltando,101,50,51
faltar,101,50,51
faltas,101,50,51
falência,101,50,51
fama,101,50,51
famílias,101,50,51
faria,101,50,51
faroestes,101,50,51
farão,101,50,51
fase,404,200,204
fases,101,50,51
fato,505,250,255
fator,101,50,51
fatos,202,100,102
favorece,101,50,51
favorita,101,50,51
favoritismo,202,100,102
favoritos,101,50,51
faz,1010,500,510
fazem,202,100,102
fazenda,101,50,51
fazendas,101,50,51
fazendo-a,101,50,51
fazer,1111,550,561
façanha,101,50,51
fechado,101,50,51
fechados,101,50,51
fecho,101,50,51
fechou,101,50,51
federais,202,100,102
federal,404,200,204
federação,202,100,102
federações,101,50,51
feijoada,101,50,51
feijão,202,100,102
feita,404,200,204
feitas,505,250,255
feito,505,250,255
feitos,303,150,153
feminina,101,50,51
feminino,202,100,102
feministas,101,50,51
fera,101,50,51
fere,101,50,51
ferida,101,50,51
feridas,101,50,51
feridos,101,50,51
fernando,101,50,51
festa,303,150,153
festas,101,50,51
festivas,101,50,51
feto,101,50,51
fevereiro,202,100,102
fez,404,200,204
fica,606,300,306
ficando,101,50,51
ficar,606,300,306
ficaram,101,50,51
ficaria,101,50,51
ficarão,101,50,51
fico,101,50,51
ficou,505,250,255
fiel,101,50,51
fifa,101,50,51
figueiredo,101,50,51
filho,303,150,153
filhote,101,50,51
filme,202,100,102
filmes,101,50,51
filosofia,101,50,51
filósofo,101,50,51
fim,101,50,51
final,1010,500,510
finalizações,202,100,102
finalmente,101,50,51
financeira,101,50,51
financeiras,101,50,51
financeiro,303,150,153
financiada,101,50,51
financiamento,202,100,102
financiamentos,101,50,51
finlândia,101,50,51
fiquei,202,100,102
firmava,101,50,51
fiscais,101,50,51
fiscal,101,50,51
fisionomia,101,50,51
fixando-se,101,50,51
fixo,101,50,51
fixos,101,50,51
fixou,101,50,51
fiz,101,50,51
fizemos,101,50,51
fizeram,101,50,51
fiéis,101,50,51
flexa,101,50,51
flores,101,50,51
florianópolis,101,50,51
florida,101,50,51
flu,101,50,51
flutuante,101,50,51
flutuação,101,50,51
fogem,101,50,51
fogo,202,100,102
foi,5757,2850,2907
folha,101,50,51
for,202,100,102
fora,101,50,51
foram,1818,900,918
forma,404,200,204
formado,101,50,51
formador,101,50,51
formar,101,50,51
formulação,202,100,102
fornecimento,101,50,51
fortalecer,101,50,51
fortalecê-lo,101,50,51
forte,101,50,51
forçamos,101,50,51
forçar,101,50,51
fos,101,50,51
fosse,303,150,153
fossem,101,50,51
foto,101,50,51
fotografar,101,50,51
fotos,303,150,153
fotógrafo,101,50,51
francesas,101,50,51
franceses,202,100,102
francisco,101,50,51
franco,101,50,51
franquias,101,50,51
frança,404,200,204
frase,101,50,51
fraude,101,50,51
fregueses,101,50,51
frente,303,150,153
frequentemente,101,50,51
frequentes,101,50,51
frias,101,50,51
fronteira,101,50,51
frota,101,50,51
fruto,101,50,51
frutos,101,50,51
fuga,101,50,51
fugido,101,50,51
fugir,202,100,102
fui,404,200,204
funaro,101,50,51
funcionam,101,50,51
funcionando,101,50,51
funcionário,101,50,51
funcionários,606,300,306
fundamental,303,150,153
fundação,101,50,51
fundo,202,100,102
futebol,606,300,306
futuras,101,50,51
futuro,404,200,204
futuros,101,50,51
fábio,303,150,153
fácil,101,50,51
férias,202,100,102
físico,101,50,51
gabinete,101,50,51
gabriel,101,50,51
galeria,101,50,51
galpão,101,50,51
ganha,202,100,102
ganhando,101,50,51
ganharam,202,100,102
ganhavam,101,50,51
ganho,101,50,51
ganhos,202,100,102
ganhou,101,50,51
garanta,101,50,51
garantia,101,50,51
garantida,101,50,51
garantir,101,50,51
garotos,101,50,51
gastos,101,50,51
gastrite,101,50,51
gaza,101,50,51
gaúcho,101,50,51
geladeira,101,50,51
generoso,101,50,51
gente,303,150,153
genérico,101,50,51
genética,101,50,51
genético,101,50,51
gera,101,50,51
gerada,101,50,51
gerados,101,50,51
geral,101,50,51
geração,101,50,51
gerações,101,50,51
gerenciamento,101,50,51
gerente,202,100,102
gerir,101,50,51
gil,101,50,51
gilda,101,50,51
giro,101,50,51
globo,101,50,51
glória,101,50,51
gol,505,250,255
gols,101,50,51
gouvêa,101,50,51
governo,1212,600,612
governos,202,100,102
gradativamente,101,50,51
gradual,101,50,51
gramado,101,50,51
grande,909,450,459
grandes,606,300,306
gratuito,202,100,102
graus,101,50,51
gravata,101,50,51
gravações,101,50,51
grave,101,50,51
graves,101,50,51
graça,101,50,51
greve,202,100,102
grito,101,50,51
grosso,101,50,51
grupo,1010,500,510
grupos,101,50,51
grávida,202,100,102
grêmio,101,50,51
guarani,101,50,51
guerra,404,200,204
guerreiro,101,50,51
guilherme,101,50,51
guimarães,202,100,102
guitarrista,101,50,51
gávea,101,50,51
gêmeos,101,50,51
gênero,101,50,51
habitacionais,101,50,51
haja,202,100,102
haroldo,101,50,51
haverá,202,100,102
havia,909,450,459
heitor,101,50,51
helena,101,50,51
henrique,101,50,51
hidráulica,101,50,51
hipótese,101,50,51
história,606,300,306
histórias,101,50,51
hoje,2020,1000,1020
holanda,404,200,204
homem,505,250,255
homenagens,101,50,51
homens,505,250,255
homicídio,101,50,51
homossexuais,101,50,51
homossexual,101,50,51
honduras,101,50,51
hora,404,200,204
horas,505,250,255
hortência,101,50,51
hospital,202,100,102
hospitalidade,101,50,51
hotel,202,100,102
houve,303,150,153
houver,101,50,51
humanidade,101,50,51
humor,101,50,51
humorista,101,50,51
há,1818,900,918
hútus,101,50,51
ia,101,50,51
idade,303,150,153
identidade,101,50,51
identificada,101,50,51
identificado,101,50,51
idiota,101,50,51
ido,101,50,51
idosos,101,50,51
idéia,404,200,204
idéias,101,50,51
ienes,101,50,51
igreja,202,100,102
igual,202,100,102
ilegal,101,50,51
ilha,101,50,51
ilhéus,101,50,51
ilustrado,101,50,51
ilustrações,101,50,51
imagem,202,100,102
imagens,303,150,153
imaginar,101,50,51
imaginário,101,50,51
imediatas,101,50,51
imensa,101,50,51
imitando,101,50,51
imortalidade,101,50,51
impacto,101,50,51
impede,101,50,51
impiedoso,101,50,51
impopularidade,101,50,51
importa,101,50,51
importante,808,400,408
importantes,202,100,102
importações,202,100,102
impossível,202,100,102
imposto,202,100,102
impostos,101,50,51
imprensa,202,100,102
impugnar,101,50,51
impunemente,101,50,51
impuseram,101,50,51
imune,101,50,51
imóveis,202,100,102
inacabado,101,50,51
inauguradas,101,50,51
incerto,101,50,51
incidentes,101,50,51
inclui,101,50,51
incomoda,101,50,51
incomodou,101,50,51
inconstitucionalidade,101,50,51
independente,404,200,204
indexação,101,50,51
indicação,101,50,51
indiscutível,202,100,102
individual,101,50,51
indo,101,50,51
indústria,101,50,51
ineficiente,101,50,51
inesquecível,101,50,51
inevitável,101,50,51
infantil,101,50,51
infeliz,101,50,51
infelizmente,101,50,51
inflação,404,200,204
informada,101,50,51
informados,101,50,51
informação,202,100,102
informações,101,50,51
informou,101,50,51
infraero,101,50,51
inglês,202,100,102
ingresso,202,100,102
iniciais,101,50,51
inicialmente,303,150,153
iniciaram,101,50,51
iniciou,202,100,102
inocentado,101,50,51
inscrever,101,50,51
insetos,101,50,51
inspiradas,101,50,51
inspiraram,101,50,51
inspirou,101,50,51
instalado,101,50,51
instalação,101,50,51
instante,101,50,51
instantânea,101,50,51
instigante,101,50,51
instituições,101,50,51
instâncias,101,50,51
insônia,101,50,51
integral,101,50,51
integrantes,101,50,51
integração,101,50,51
inteira,202,100,102
intelectuais,101,50,51
inteligentes,101,50,51
inteligência,101,50,51
intencional,101,50,51
intensa,101,50,51
intenso,101,50,51
intenção,101,50,51
intercomunicador,101,50,51
interessa,202,100,102
interessado,101,50,51
interessante,202,100,102
interesse,101,50,51
interior,303,150,153
intermediária,101,50,51
interna,202,100,102
internacionais,101,50,51
internacional,101,50,51
internalizo,101,50,51
interpretar,101,50,51
interrupção,101,50,51
intervalo,101,50,51
intervalos,202,100,102
intervenção,101,50,51
intimidade,101,50,51
intimidar,101,50,51
invasões,101,50,51
inventando,101,50,51
inventar,101,50,51
inverno,101,50,51
invertida,101,50,51
investidores,101,50,51
investiga,202,100,102
investigações,101,50,51
investimento,101,50,51
investimentos,101,50,51
investindo,101,50,51
investir,101,50,51
início,202,100,102
ir,202,100,102
iria,303,150,153
irlanda,101,50,51
irmãos,202,100,102
irreconciliável,101,50,51
irreversível,101,50,51
irá,101,50,51
irão,202,100,102
isenta,101,50,51
isolar,101,50,51
isolda,101,50,51
israel,101,50,51
isso,1818,900,918
isto,202,100,102
itaipu,101,50,51
italiana,101,50,51
itamar,606,300,306
itamaraty,101,50,51
itália,202,100,102
iêmen,101,50,51
jair,101,50,51
janaina,101,50,51
janeiro,202,100,102
janela,101,50,51
japoneses,101,50,51
japão,101,50,51
jeito,303,150,153
jobim,101,50,51
joelho,101,50,51
joga,101,50,51
jogador,303,150,153
jogadores,606,300,306
jogam,202,100,102
jogar,505,250,255
jogavam,101,50,51
jogo,1616,800,816
jogos,505,250,255
jorginho,101,50,51
jornadas,101,50,51
jornais,505,250,255
jornal,101,50,51
jornalísticos,101,50,51
josé,202,100,102
jovens,303,150,153
joão,202,100,102
judiciário,101,50,51
juiz,202,100,102
julgamento,303,150,153
julho,202,100,102
juliana,101,50,51
junho,202,100,102
junior,101,50,51
juntas,101,50,51
junto,202,100,102
juraram,101,50,51
juro,101,50,51
juros,404,200,204
jurídicas,101,50,51
jus,101,50,51
justificar,101,50,51
justiça,202,100,102
juízes,101,50,51
juízo,101,50,51
já,3131,1550,1581
jô,101,50,51
laboratórios,101,50,51
lado,202,100,102
lançado,202,100,102
lançou,202,100,102
largura,101,50,51
lata,101,50,51
latasa,101,50,51
lateral,303,150,153
laura,101,50,51
lazer,101,50,51
legislativa,101,50,51
legislação,202,100,102
lei,404,200,204
leia,101,50,51
leis,101,50,51
leite,101,50,51
leitor,101,50,51
lelé,101,50,51
lema,202,100,102
lembra,101,50,51
lembrados,101,50,51
lentidão,101,50,51
lento,101,50,51
leontina,100,50,50
ler,101,50,51
lesivo,101,50,51
lessa,101,50,51
leste,101,50,51
letalidade,101,50,51
leu,101,50,51
leva,202,100,102
levanta,101,50,51
levantamento,202,100,102
levar,202,100,102
levavam,101,50,51
levou,202,100,102
lhe,101,50,51
liberal,101,50,51
libertou,101,50,51
libretos,101,50,51
licenciamento,101,50,51
lideranças,101,50,51
liga,101,50,51
ligado,101,50,51
ligar,202,100,102
ligações,101,50,51
lila,101,50,51
lima,101,50,51
limitado,101,50,51
limitados,101,50,51
limite,202,100,102
lince,101,50,51
linchado,101,50,51
lindas,101,50,51
linhas,202,100,102
lista,202,100,102
literárias,101,50,51
litoral,101,50,51
livre,101,50,51
livro,707,350,357
livros,101,50,51
locais,101,50,51
local,101,50,51
localizada,101,50,51
logo,606,300,306
loja,101,50,51
lojas,101,50,51
londres,101,50,51
longe,202,100,102
longo,101,50,51
lotadas,101,50,51
lotação,101,50,51
lua-de-mel,101,50,51
lucro,101,50,51
lugar,505,250,255
lugares,101,50,51
lula,505,250,255
luta,101,50,51
lutando,101,50,51
luto,101,50,51
luxemburgo,101,50,51
luxo,101,50,51
luz,101,50,51
luís,101,50,51
lá,303,150,153
lélia,101,50,51
líder,101,50,51
língua,303,150,153
lúcia,101,50,51
macacas,101,50,51
macaco,101,50,51
machado,101,50,51
maciçamente,101,50,51
maconha,101,50,51
madrugada,101,50,51
magalhães,101,50,51
maio,202,100,102
maior,808,400,408
maiores,202,100,102
maioria,505,250,255
mais,4747,2350,2397
majoritariamente,101,50,51
mal,101,50,51
malária,101,50,51
mamata,101,50,51
manchete,101,50,51
mancuso,101,50,51
mandado,101,50,51
mandaram,101,50,51
mandato,202,100,102
mandou,101,50,51
maneira,101,50,51
mangueira,303,150,153
manhã,303,150,153
manifestada,101,50,51
manipulação,101,50,51
manteve,101,50,51
mantido,101,50,51
mantém,101,50,51
manuais,101,50,51
manuel,202,100,102
manutenção,101,50,51
mapa,101,50,51
mapas,101,50,51
mar,101,50,51
maravilhoso,101,50,51
maravilhosos,101,50,51
marca,101,50,51
marcada,101,50,51
marcado,101,50,51
marcação,101,50,51
margem,101,50,51
margens,101,50,51
maria,101,50,51
marido,101,50,51
maridos,101,50,51
marieta,101,50,51
marilena,101,50,51
mariz,101,50,51
marola,101,50,51
martins,101,50,51
março,202,100,102
mas,1212,600,612
massacre,101,50,51
mata,101,50,51
matar,202,100,102
materiais,101,50,51
maternidade,101,50,51
mato,101,50,51
matreiro,101,50,51
mau,202,100,102
maçã,101,50,51
me,1414,700,714
meados,101,50,51
medalha,101,50,51
mediadores,101,50,51
medicamentos,101,50,51
medida,505,250,255
medidas,202,100,102
medo,202,100,102
medíocre,101,50,51
meia,202,100,102
meias,101,50,51
meio,606,300,306
meios,101,50,51
melhor,505,250,255
melhorar,101,50,51
melhores,202,100,102
melhoria,101,50,51
membrana,202,100,102
membro,202,100,102
membros,202,100,102
menor,404,200,204
menores,101,50,51
menos,808,400,408
mensal,202,100,102
menção,101,50,51
mercado,909,450,459
mercados,202,100,102
mercenária,101,50,51
mercosul,303,150,153
merenda,101,50,51
meros,101,50,51
meses,909,450,459
mesma,303,150,153
mesmo,1212,600,612
metade,606,300,306
metamorfose,101,50,51
metas,101,50,51
meter,101,50,51
metro,101,50,51
metropolitana,101,50,51
metros,202,100,102
meu,606,300,306
meus,404,200,204
micro,101,50,51
microfone,202,100,102
miguel,101,50,51
mil,1616,800,816
milhares,101,50,51
milhões,505,250,255
militares,404,200,204
mim,202,100,102
minatel,101,50,51
mineração,101,50,51
minha,606,300,306
minhas,101,50,51
ministro,202,100,102
ministros,101,50,51
ministério,404,200,204
minutos,505,250,255
moda,202,100,102
modalidade,101,50,51
modelo,202,100,102
moderado,100,50,50
modernas,101,50,51
moderno,101,50,51
modificar,101,50,51
moeda,101,50,51
moedas,101,50,51
mogi,101,50,51
molestamento,101,50,51
molhada,101,50,51
momento,707,350,357
momentos,404,200,204
monsanto,101,50,51
montadas,101,50,51
montagem,101,50,51
montar,101,50,51
montaram,101,50,51
monte,101,50,51
moradores,202,100,102
moraes,101,50,51
moralidade,101,50,51
morando,101,50,51
mordomo,101,50,51
morre,101,50,51
morrer,202,100,102
morreram,101,50,51
mortalidade,101,50,51
morte,303,150,153
mortos,101,50,51
mostra,202,100,102
mostrando,101,50,51
mostrar,202,100,102
mostrou,202,100,102
motivo,404,200,204
motores,101,50,51
motos,101,50,51
moveleiro,101,50,51
movimentação,101,50,51
movimento,101,50,51
moças,101,50,51
muda,202,100,102
mudança,101,50,51
mudanças,606,300,306
mudar,101,50,51
muita,101,50,51
muitas,101,50,51
muito,1818,900,918
muitos,404,200,204
mulher,101,50,51
mulheres,505,250,255
multa,202,100,102
mundial,303,150,153
mundo,606,300,306
municipais,101,50,51
municipal,101,50,51
municipalização,101,50,51
município,202,100,102
munição,101,50,51
museu,101,50,51
muçulmana,101,50,51
muçulmanos,101,50,51
má,101,50,51
máquina,101,50,51
márcia,101,50,51
márcio,101,50,51
mário,202,100,102
mármore,101,50,51
máximo,202,100,102
mãe,303,150,153
mão,101,50,51
média,202,100,102
médico,101,50,51
médicos,101,50,51
médio,202,100,102
médios,101,50,51
mérito,101,50,51
méxico,101,50,51
mês,707,350,357
mínimo,202,100,102
mísseis,101,50,51
móveis,101,50,51
múmia,101,50,51
músculos,101,50,51
música,202,100,102
músicas,303,150,153
na,8686,4300,4386
nacional,1010,500,510
nada,505,250,255
namorada,101,50,51
namorando,101,50,51
namoro,101,50,51
nas,2020,1000,1020
natal,101,50,51
natalino,101,50,51
natação,101,50,51
naufragado,101,50,51
nazistas,101,50,51
nação,101,50,51
nações,101,50,51
necessidade,202,100,102
necessária,101,50,51
necessário,303,150,153
necessários,101,50,51
negam,101,50,51
negociações,202,100,102
negra,202,100,102
negras,101,50,51
negros,303,150,153
negócio,202,100,102
negócios,202,100,102
nele,101,50,51
nem,606,300,306
nenhum,303,150,153
nenhuma,202,100,102
neoliberalismo,101,50,51
nessa,101,50,51
nesse,101,50,51
nesses,101,50,51
nesta,606,300,306
nestas,101,50,51
neste,303,150,153
nestor,101,50,51
neto,202,100,102
neutras,101,50,51
ninguém,505,250,255
no,10807,5350,5457
nobreza,101,50,51
noite,505,250,255
noites,101,50,51
nome,101,50,51
nomeado,202,100,102
nomes,202,100,102
nono,101,50,51
normais,101,50,51
normalmente,101,50,51
norte,101,50,51
norte-americanos,202,100,102
noruega,101,50,51
nos,2323,1150,1173
nossa,404,200,204
nossas,101,50,51
nota,101,50,51
notas,202,100,102
notificações,101,50,51
nova,505,250,255
nove,1111,550,561
novecentas,101,50,51
novecentos,202,100,102
novela,101,50,51
novembro,303,150,153
noventa,909,450,459
novidade,101,50,51
novidades,101,50,51
novo,303,150,153
novos,303,150,153
num,101,50,51
numa,404,200,204
nunca,1010,500,510
nuno,101,50,51
não,11514,5700,5814
névoa,101,50,51
nós,303,150,153
número,707,350,357
números,101,50,51
o,37369,18500,18869
objetivo,303,150,153
objeto,101,50,51
obra,202,100,102
obras,202,100,102
obrigar,101,50,51
obrigatoriedade,101,50,51
observadores,101,50,51
observados,101,50,51
observar,101,50,51
observávamos,101,50,51
obstáculo,101,50,51
obter,101,50,51
ocasião,202,100,102
ocorra,101,50,51
ocorre,101,50,51
ocorreram,101,50,51
ocorreria,101,50,51
ocorreu,202,100,102
ocorrência,101,50,51
ocupa,101,50,51
ocuparam,101,50,51
ofensivos,101,50,51
oferece,101,50,51
oferecem,303,150,153
oferecidos,101,50,51
oferta,101,50,51
ofertas,101,50,51
oficial,302,150,152
oficinas,101,50,51
oitava,101,50,51
oitavas,101,50,51
oitenta,1010,500,510
oito,707,350,357
oitocentos,303,150,153
olga,100,50,50
olha,101,50,51
olhos,303,150,153
olimpíadas,101,50,51
oliveira,101,50,51
omisso,101,50,51
omissão,101,50,51
onde,202,100,102
ontem,1111,550,561
onze,202,100,102
operação,101,50,51
operações,202,100,102
opinião,303,150,153
oportuna,101,50,51
oportunidade,202,100,102
oportunidades,101,50,51
optar,101,50,51
opções,101,50,51
opõe,101,50,51
ordem,101,50,51
orelha,101,50,51
organizacionais,101,50,51
organizadores,101,50,51
organizar,101,50,51
organização,101,50,51
orientação,101,50,51
origem,101,50,51
os,12221,6050,6171
oscar,101,50,51
ossos,101,50,51
otan,101,50,51
otimismo,101,50,51
otimista,101,50,51
ou,1515,750,765
outono-inverno,101,50,51
outra,303,150,153
outras,303,150,153
outro,1111,550,561
outros,1010,500,510
outubro,303,150,153
ouvi,101,50,51
ouviu,101,50,51
ovos,202,100,102
paciente,101,50,51
pacote,101,50,51
pacífico,101,50,51
padre,202,100,102
padrão,202,100,102
padrões,101,50,51
pagam,101,50,51
pagamento,202,100,102
pagando,101,50,51
pagará,101,50,51
pago,101,50,51
pagos,101,50,51
pagou,101,50,51
palavra,101,50,51
palavras,202,100,102
palco,101,50,51
palestina,101,50,51
paliativos,101,50,51
palmeiras,404,200,204
panela,101,50,51
pano,101,50,51
papel,202,100,102
papou,101,50,51
par,101,50,51
para,13231,6550,6681
parabólicas,101,50,51
paradas,101,50,51
paraná,202,100,102
paraíba,101,50,51
parceiros,101,50,51
parece,404,200,204
pareceres,101,50,51
parecia,101,50,51
paris,202,100,102
parlamento,303,150,153
parque,101,50,51
parreira,303,150,153
parte,1010,500,510
partes,202,100,102
participam,101,50,51
participante,101,50,51
participantes,202,100,102
participar,202,100,102
participou,101,50,51
particulares,101,50,51
particularmente,101,50,51
partida,202,100,102
partido,303,150,153
partidos,101,50,51
partidárias,101,50,51
partir,101,50,51
partiu,101,50,51
partos,101,50,51
passa,404,200,204
passada,303,150,153
passadas,101,50,51
passado,606,300,306
passageiros,202,100,102
passam,101,50,51
passar,101,50,51
passarela,303,150,153
passarelas,101,50,51
passatempo,100,50,50
passava,101,50,51
passeio,202,100,102
passes,101,50,51
passou,505,250,255
patos,101,50,51
patrimônio,101,50,51
patrocínio,101,50,51
paula,101,50,51
paulino,101,50,51
paulista,101,50,51
paulistana,202,100,102
paulistanos,202,100,102
paulistas,101,50,51
paulo,1717,850,867
pavimento,101,50,51
pavimentos,101,50,51
paz,202,100,102
país,606,300,306
países,303,150,153
pede,101,50,51
pedia,101,50,51
pediu,202,100,102
pedra,101,50,51
pega,101,50,51
pegar,202,100,102
pegou,101,50,51
peixe,101,50,51
pela,1919,950,969
pelas,101,50,51
pele,202,100,102
pelo,2323,1150,1173
pelos,1313,650,663
pelé,303,150,153
pena,202,100,102
penais,101,50,51
penetração,101,50,51
pensa,404,200,204
pensador,101,50,51
pensam,101,50,51
pensamento,202,100,102
pensando,101,50,51
pensar,303,150,153
pensasse,101,50,51
pepinos,202,100,102
pequenas,101,50,51
pequeno,202,100,102
percentuais,101,50,51
percentual,101,50,51
perco,101,50,51
percorrem,101,50,51
percussionista,101,50,51
perdem,101,50,51
perdemos,101,50,51
perdendo,101,50,51
perder,303,150,153
perderam,101,50,51
perdeu,202,100,102
perdidas,101,50,51
perdoe,101,50,51
perdurem,101,50,51
pereira,101,50,51
perfeição,101,50,51
performances,101,50,51
perfumadas,101,50,51
pergunta,101,50,51
perguntas,101,50,51
perigo,101,50,51
perigoso,101,50,51
permanecer,101,50,51
permanecerão,101,50,51
permite,101,50,51
permitia,101,50,51
perna,101,50,51
perplexos,101,50,51
persegue,101,50,51
perseguidos,101,50,51
personagem,101,50,51
perspectiva,202,100,102
persuasivo,101,50,51
pertinente,101,50,51
perto,101,50,51
período,202,100,102
pesadamente,101,50,51
peso,101,50,51
pesqueiro,101,50,51
pesquisa,505,250,255
pesquisadores,101,50,51
pesquisas,101,50,51
pessoa,303,150,153
pessoais,101,50,51
pessoal,101,50,51
pessoas,1111,550,561
pestana,202,100,102
petista,202,100,102
pia,101,50,51
piloto,101,50,51
pinheiro,101,50,51
pintores,101,50,51
pior,202,100,102
piso,101,50,51
pista,303,150,153
planejamento,101,50,51
plano,606,300,306
plantadores,101,50,51
plena,202,100,102
plenário,101,50,51
plástico,101,50,51
pobre,302,150,152
pode,1616,800,816
pode-se,101,50,51
podem,606,300,306
poder,404,200,204
poderia,101,50,51
poderá,303,150,153
poderão,101,50,51
podia,202,100,102
poetas,101,50,51
pois,101,50,51
policiais,505,250,255
policial,101,50,51
poluição,101,50,51
polícia,404,200,204
política,808,400,408
políticas,101,50,51
político,101,50,51
políticos,101,50,51
pontaria,101,50,51
ponto,505,250,255
pontos,505,250,255
popular,202,100,102
população,303,150,153
populismo,101,50,51
por,7069,3500,3569
porque,1212,600,612
porta,101,50,51
portador,202,100,102
portanto,101,50,51
portas,101,50,51
porte,101,50,51
porto,101,50,51
portugal,202,100,102
portuguesa,101,50,51
posicionamento,101,50,51
positiva,101,50,51
posição,202,100,102
possa,101,50,51
posse,202,100,102
possibilidade,303,150,153
possibilitar,101,50,51
posso,303,150,153
possuem,101,50,51
possui,101,50,51
possível,101,50,51
posteriormente,101,50,51
potencial,101,50,51
poucas,303,150,153
pouco,606,300,306
poucos,202,100,102
poupadoras,101,50,51
poupança,101,50,51
povo,404,200,204
poxa,101,50,51
praia,101,50,51
praias,101,50,51
prancha,101,50,51
prateleiras,101,50,51
praticados,101,50,51
praticamente,101,50,51
pratos,202,100,102
prazo,404,200,204
prazos,101,50,51
precedentes,101,50,51
precipitou,101,50,51
precisar,101,50,51
precisaria,101,50,51
preciso,303,150,153
precoce,101,50,51
predileto,100,50,50
prefeito,202,100,102
prefeitura,101,50,51
preferia,101,50,51
preferência,101,50,51
prefira,101,50,51
prejudicada,101,50,51
premiê,101,50,51
preocupa,101,50,51
preocupado,101,50,51
preocupam,101,50,51
preocupar,101,50,51
preocupação,101,50,51
preparam,202,100,102
preparando,101,50,51
presas,101,50,51
presente,303,150,153
presentes,202,100,102
preserva,101,50,51
preservativos,202,100,102
presidencial,101,50,51
presidente,1111,550,561
presidência,101,50,51
preso,101,50,51
presos,202,100,102
pressa,101,50,51
pressas,101,50,51
prestígio,101,50,51
pretende,101,50,51
pretendo,101,50,51
previdência,101,50,51
prevista,101,50,51
previsto,101,50,51
previsão,101,50,51
prevê,101,50,51
prevêem,101,50,51
preço,303,150,153
preços,404,200,204
primeira,505,250,255
primeiras,202,100,102
primeiro,1313,650,663
primeiros,202,100,102
primos,101,50,51
principais,303,150,153
principal,606,300,306
principalmente,101,50,51
princípio,101,50,51
privilégios,101,50,51
pro,101,50,51
problema,606,300,306
problemas,505,250,255
processam,101,50,51
processo,303,150,153
processos,101,50,51
procon,101,50,51
procura,101,50,51
procuram,202,100,102
procurando,202,100,102
procuro,202,100,102
procurou,202,100,102
produtores,202,100,102
produtos,404,200,204
produzir,101,50,51
produção,202,100,102
professores,101,50,51
profissionais,303,150,153
profissional,202,100,102
profundamente,101,50,51
programa,606,300,306
programas,202,100,102
programação,101,50,51
progressista,101,50,51
progressivamente,101,50,51
proibido,101,50,51
projeto,101,50,51
projetos,202,100,102
prometer,101,50,51
prometo,101,50,51
promissores,101,50,51
promove,101,50,51
pronto,101,50,51
proporcionados,101,50,51
proposta,303,150,153
propostas,101,50,51
propus,101,50,51
protagonizar,101,50,51
protestar,101,50,51
protótipo,101,50,51
prova,303,150,153
provas,101,50,51
provocar,202,100,102
provável,101,50,51
proíba-o,101,50,51
proíbe,101,50,51
prática,101,50,51
práticas,101,50,51
prêmios,101,50,51
pró,101,50,51
própria,101,50,51
próprias,303,150,153
próprio,707,350,357
próxima,101,50,51
próximos,101,50,51
psicologicamente,101,50,51
psicológica,101,50,51
psicológico,101,50,51
psiquiatra,101,50,51
publicadas,101,50,51
publicado,101,50,51
publicam,101,50,51
publicação,101,50,51
pude,101,50,51
puder,101,50,51
puderam,101,50,51
puseram,101,50,51
pádua,101,50,51
página,101,50,51
páginas,202,100,102
pânico,101,50,51
pães,101,50,51
pé,303,150,153
pélvica,101,50,51
péssimas,101,50,51
pênalti,202,100,102
pênaltis,404,200,204
pó,101,50,51
pólo,101,50,51
pós-moderna,101,50,51
pôde,101,50,51
põe,101,50,51
pública,202,100,102
públicas,101,50,51
público,909,450,459
púrpura,101,50,51
quadrado,101,50,51
quadrangular,101,50,51
quadro,202,100,102
quadros,101,50,51
quadríceps,101,50,51
quais,202,100,102
qual,101,50,51
qualidade,303,150,153
qualidades,202,100,102
qualidades,101,50,51
qualificado,101,50,51
qualquer,303,150,153
quando,909,450,459
quanto,303,150,153
quarenta,1212,600,612
quarteirões,101,50,51
quarto,202,100,102
quartos,101,50,51
quase,808,400,408
quatorze,101,50,51
quatro,1111,550,561
quatrocentos,202,100,102
que,20705,10250,10455
quebrada,101,50,51
queda,303,150,153
quem,808,400,408
quente,101,50,51
quer,202,100,102
querem,101,50,51
querer,101,50,51
queria,202,100,102
querido,202,100,102
quero,202,100,102
questionam,101,50,51
questão,202,100,102
quilômetros,101,50,51
quinhentas,202,100,102
quinta-feira,101,50,51
quinto,101,50,51
quinze,707,350,357
quiser,303,150,153
quitar,101,50,51
quorum,101,50,51
rainha,101,50,51
rangel,101,50,51
raras,101,50,51
raro,101,50,51
raros,202,100,102
ratos,101,50,51
razão,202,100,102
razões,101,50,51
reais,1414,700,714
real,1212,600,612
realidade,101,50,51
realizada,101,50,51
realizados,101,50,51
realizar,101,50,51
realizaram,101,50,51
reaparecendo,101,50,51
rebaixamento,101,50,51
rebeldes,101,50,51
receber,303,150,153
recebeu,202,100,102
receio,101,50,51
receita,303,150,153
recepção,101,50,51
reclama,202,100,102
reclamam,101,50,51
reclamando,101,50,51
reclamar,101,50,51
reclamaram,101,50,51
reclamações,101,50,51
recolhimento,101,50,51
recomendáveis,101,50,51
reconstruir,101,50,51
recorde,101,50,51
recordes,101,50,51
recorrer,202,100,102
recuperado,101,50,51
recuperação,202,100,102
recuperou,101,50,51
recursos,505,250,255
recusa,101,50,51
recusou,101,50,51
recusou-se,101,50,51
recém,101,50,51
redes,101,50,51
reduzido,101,50,51
redução,303,150,153
reestilizado,101,50,51
referência,101,50,51
referências,101,50,51
refletindo,101,50,51
reflexão,101,50,51
reforma,101,50,51
reformada,101,50,51
reformas,303,150,153
reformular,101,50,51
reforçar,202,100,102
refugiados,101,50,51
refúgios,101,50,51
regina,101,50,51
regional,101,50,51
registra,101,50,51
registrada,202,100,102
registrado,202,100,102
registro,101,50,51
registrou,101,50,51
região,404,200,204
regra,101,50,51
regras,101,50,51
reimplantado,101,50,51
reimplante,101,50,51
reino,101,50,51
reivindicações,101,50,51
relacionados,101,50,51
relacional,101,50,51
relacionamento,101,50,51
relativiza,101,50,51
relator,202,100,102
relaxa,101,50,51
relaxar,101,50,51
relação,202,100,102
relações,101,50,51
remunera,101,50,51
remunerados,101,50,51
remuneração,101,50,51
remédios,101,50,51
rende,101,50,51
rendem,101,50,51
render,101,50,51
renderia,101,50,51
renovar,101,50,51
represa,101,50,51
representado,101,50,51
representante,101,50,51
representar,101,50,51
representatividade,101,50,51
representava,101,50,51
repórter,101,50,51
república,101,50,51
reservadamente,101,50,51
reservas,101,50,51
resgate,101,50,51
residência,101,50,51
resistirão,101,50,51
resistiu,101,50,51
resolução,101,50,51
resolvidas,101,50,51
resolvidos,101,50,51
respeito,101,50,51
responde,202,100,102
responder,101,50,51
respondeu,202,100,102
responsabilidade,101,50,51
responsáveis,101,50,51
responsável,202,100,102
resposta,303,150,153
resta,101,50,51
restando,101,50,51
restaurada,101,50,51
restaurantes,101,50,51
resto,101,50,51
restringe,101,50,51
resultado,202,100,102
resultados,202,100,102
resumindo,101,50,51
retirada,101,50,51
retirado,101,50,51
retirados,101,50,51
retiraram,101,50,51
retornado,101,50,51
retribuir,101,50,51
retrógradas,101,50,51
retém,101,50,51
reunião,404,200,204
revela,101,50,51
revelado,101,50,51
revelou,202,100,102
reverta,101,50,51
revisado,101,50,51
revista,303,150,153
revistos,101,50,51
revisão,303,150,153
revolução,101,50,51
reze,101,50,51
reúne,202,100,102
ribeiro,101,50,51
rica,101,50,51
rigorosas,101,50,51
rio,1111,550,561
risca,101,50,51
risco,101,50,51
riscos,303,150,153
rivaldo,101,50,51
roberto,101,50,51
rodada,101,50,51
rodopiou,101,50,51
rodrigues,202,100,102
rolos,101,50,51
roma,101,50,51
romances,101,50,51
romário,202,100,102
romênia,202,100,102
ronaldo,101,50,51
rosa,303,150,153
rosas,101,50,51
rose,101,50,51
rosto,101,50,51
roteiro,101,50,51
roubalheira,101,50,51
roubou,101,50,51
rua,303,150,153
ruandesa,101,50,51
ruas,101,50,51
rurais,101,50,51
russa,101,50,51
russos,101,50,51
ruído,101,50,51
rápido,101,50,51
rússia,202,100,102
sabe,707,350,357
sabem,101,50,51
saber,404,200,204
saco,101,50,51
sacolas,101,50,51
saem,101,50,51
sagitário,101,50,51
sagrou-se,101,50,51
sai,202,100,102
saiam,101,50,51
sair,202,100,102
sairia,101,50,51
sairá,101,50,51
saiu,202,100,102
sala,101,50,51
salada,101,50,51
salarial,202,100,102
salta,101,50,51
salvador,303,150,153
salvando,101,50,51
salário,101,50,51
salários,101,50,51
samba,101,50,51
sambódromo,202,100,102
sancionar,101,50,51
sandra,101,50,51
sangue,202,100,102
sanitária,101,50,51
santidade,101,50,51
santistas,101,50,51
santo,202,100,102
santos,404,200,204
saque,101,50,51
satisfeitos,101,50,51
saído,101,50,51
saúde,202,100,102
se,6565,3250,3315
seca,101,50,51
secretaria,101,50,51
secreto,101,50,51
secretário,303,150,153
secreção,101,50,51
secundaristas,101,50,51
sedativo,101,50,51
segredo,101,50,51
segredos,101,50,51
seguida,101,50,51
seguidas,101,50,51
seguido,101,50,51
segunda,505,250,255
segundo,1515,750,765
segurado,101,50,51
segurança,303,150,153
seguranças,303,150,153
seguro,202,100,102
seguros,101,50,51
sei,101,50,51
seis,1515,750,765
seiscentos,101,50,51
seja,505,250,255
sejam,202,100,102
seleção,606,300,306
seleções,101,50,51
sem,1616,800,816
semana,808,400,408
semanas,101,50,51
semelhante,101,50,51
semelhantes,101,50,51
semifinais,101,50,51
semifinal,101,50,51
seminário,101,50,51
sempre,909,450,459
senador,101,50,51
senadores,404,200,204
sendo,404,200,204
sensação,101,50,51
sente,101,50,51
sentem,101,50,51
sentia,101,50,51
sentido,101,50,51
sentiu,101,50,51
separadamente,101,50,51
separado,101,50,51
separatista,101,50,51
sequeiros,101,50,51
sequela,101,50,51
sequestrado,101,50,51
sequestro,101,50,51
ser,3535,1750,1785
serem,101,50,51
seria,606,300,306
seriados,101,50,51
seriam,101,50,51
serra,202,100,102
serve,303,150,153
serviria,101,50,51
serviu,101,50,51
serviço,404,200,204
será,1211,600,611
serão,707,350,357
sessenta,808,400,408
sessão,101,50,51
sete,1414,700,714
setecentos,101,50,51
setembro,101,50,51
setenta,1010,500,510
setor,303,150,153
setores,101,50,51
seu,2121,1050,1071
seus,908,450,458
sexo,101,50,51
sexta,202,100,102
sexto,101,50,51
sexual,101,50,51
sexualidade,101,50,51
seção,101,50,51
sido,808,400,408
significa,303,150,153
significava,101,50,51
silva,202,100,102
silêncio,202,100,102
sim,101,50,51
simas,101,50,51
simultaneamente,202,100,102
simão,101,50,51
sinais,101,50,51
sinal,101,50,51
sincera,101,50,51
sindicato,101,50,51
sinta,101,50,51
sintoma,101,50,51
siqueira,101,50,51
sistema,101,50,51
situação,101,50,51
situações,101,50,51
soa,101,50,51
soares,101,50,51
sob,303,150,153
sobe,101,50,51
sobre,1212,600,612
sobreviventes,101,50,51
sobreviver,101,50,51
sobrevivência,101,50,51
sociais,101,50,51
social,101,50,51
socialismo,101,50,51
socialista,101,50,51
sociedade,202,100,102
socorro,101,50,51
sofisticado,101,50,51
sofreram,101,50,51
soja,101,50,51
sol,101,50,51
soldado,101,50,51
soldados,202,100,102
solicitando,101,50,51
solicitar,101,50,51
solidariedade,202,100,102
solos,101,50,51
solta,101,50,51
solteiro,202,100,102
solto,101,50,51
solucionar,101,50,51
solução,101,50,51
soma,101,50,51
somam,101,50,51
somaram,101,50,51
some,101,50,51
somente,303,150,153
somos,101,50,51
sonha,101,50,51
sono,101,50,51
sorte,202,100,102
sorteio,101,50,51
sorvete,101,50,51
sou,606,300,306
soubemos,101,50,51
souza,303,150,153
sozinha,101,50,51
sozinhas,101,50,51
sua,2424,1200,1224
suas,707,350,357
suassuna,101,50,51
subir,202,100,102
subiu,101,50,51
subprocessos,101,50,51
substitui,202,100,102
subtipo,101,50,51
sucesso,101,50,51
sucursais,101,50,51
sucursal,101,50,51
suficiente,101,50,51
sufocando,101,50,51
sugere,101,50,51
suja,101,50,51
sujo,101,50,51
sul,202,100,102
sumiu,101,50,51
sumo,101,50,51
supera,101,50,51
supergrilada,101,50,51
supermercados,101,50,51
superoferta,101,50,51
supérfluas,101,50,51
surgem,101,50,51
surgir,202,100,102
surpresa,202,100,102
suspeita,101,50,51
suspensa,101,50,51
suspense,101,50,51
suspensão,101,50,51
sustos,101,50,51
suécia,202,100,102
sábado,101,50,51
são,5151,2550,2601
século,101,50,51
sérvios,202,100,102
símbolo,101,50,51
só,3434,1700,1734
tabela,101,50,51
taborda,101,50,51
tais,101,50,51
talentos,101,50,51
talvez,202,100,102
também,2121,1050,1071
tanque,101,50,51
tanta,101,50,51
tantas,303,150,153
tanto,303,150,153
tarde,202,100,102
tarjas,101,50,51
taxa,303,150,153
taxas,202,100,102
taximétrica,101,50,51
teatral,101,50,51
teatro,202,100,102
tecnologia,101,50,51
tecnologias,101,50,51
tela,101,50,51
telas,101,50,51
telefone,303,150,153
telejornais,101,50,51
televisão,303,150,153
telhas,101,50,51
telê,101,50,51
tem,2222,1100,1122
tem-se,101,50,51
tema,202,100,102
temas,101,50,51
teme,101,50,51
temor,101,50,51
temos,202,100,102
temperatura,101,50,51
templo,202,100,102
templos,101,50,51
tempo,505,250,255
temporada,202,100,102
temática,101,50,51
temático,101,50,51
tendem,101,50,51
tender,101,50,51
tendo,101,50,51
tendência,202,100,102
tenha,101,50,51
tenho,202,100,102
tensão,101,50,51
tenta,202,100,102
tenta-se,101,50,51
tentando,101,50,51
tentaram,101,50,51
tentou,202,100,102
teologia,101,50,51
ter,808,400,408
terceiro,505,250,255
terezinha,101,50,51
teria,404,200,204
teriam,101,50,51
terminar,303,150,153
termo,202,100,102
termômetros,101,50,51
terno,101,50,51
terra,101,50,51
terreno,202,100,102
território,101,50,51
terá,505,250,255
terça-feira,202,100,102
tese,101,50,51
teto,101,50,51
tetra,101,50,51
teve,303,150,153
texto,202,100,102
time,1010,500,510
times,303,150,153
tinha,505,250,255
tinham,505,250,255
tipo,404,200,204
tipos,505,250,255
tirada,101,50,51
tirar,202,100,102
tiro,101,50,51
titular,202,100,102
titã,101,50,51
tiver,101,50,51
tiveram,303,150,153
tocada,101,50,51
tocar,101,50,51
tocou,101,50,51
toda,202,100,102
todas,404,200,204
todo,909,450,459
todos,1313,650,663
toledo,101,50,51
tolerância,101,50,51
tolice,101,50,51
tomada,202,100,102
tomará,101,50,51
torcedores,101,50,51
torcendo,101,50,51
torcida,202,100,102
tornam,101,50,51
torno,202,100,102
tornou-se,101,50,51
total,202,100,102
totalmente,101,50,51
trabalha,101,50,51
trabalhadores,101,50,51
trabalham,101,50,51
trabalhamos,101,50,51
trabalhando,101,50,51
trabalhar,202,100,102
trabalharam,101,50,51
trabalhista,101,50,51
trabalho,707,350,357
trabalhos,101,50,51
tradicional,202,100,102
tradicionalmente,101,50,51
traficante,101,50,51
trama,101,50,51
tramitam,101,50,51
tranquilidade,101,50,51
transaram,101,50,51
transação,101,50,51
transferidos,202,100,102
transferência,101,50,51
transição,101,50,51
transparente,101,50,51
transpira,101,50,51
traria,101,50,51
traseira,101,50,51
trata-se,202,100,102
tratando,101,50,51
trate,101,50,51
traves,101,50,51
travesseiro,101,50,51
traz,202,100,102
trazer,101,50,51
treinador,202,100,102
treinaram,101,50,51
treino,303,150,153
treinos,101,50,51
trem,202,100,102
trepidar,101,50,51
treze,404,200,204
trezentas,101,50,51
trezentos,303,150,153
tribos,101,50,51
tribune,101,50,51
tributário,101,50,51
trinta,909,450,459
trios,101,50,51
tristão,101,50,51
trocar,202,100,102
tropa,100,50,50
truque,101,50,51
tráfego,101,50,51
tráfico,101,50,51
trás,101,50,51
trânsito,202,100,102
três,2424,1200,1224
tucano,202,100,102
tucanos,101,50,51
tudo,808,400,408
tuma,101,50,51
tumultuada,101,50,51
turismo,303,150,153
turistas,101,50,51
turno,101,50,51
turnos,101,50,51
turísticos,202,100,102
tá,202,100,102
tática,101,50,51
tão,101,50,51
técnica,202,100,102
técnicas,101,50,51
técnico,404,200,204
técnicos,101,50,51
têm,1313,650,663
tímidos,101,50,51
tínhamos,101,50,51
típica,101,50,51
típicas,101,50,51
título,303,150,153
títulos,404,200,204
tóquio,101,50,51
uefa,101,50,51
um,11816,5850,5966
uma,6666,3300,3366
umas,202,100,102
umbigo,101,50,51
unidade,101,50,51
unidades,101,50,51
unidas,101,50,51
unido,101,50,51
unidos,202,100,102
unilateralmente,101,50,51
universidade,202,100,102
universidades,101,50,51
universo,101,50,51
urnas,101,50,51
usar,202,100,102
usavam,101,50,51
use,101,50,51
uso,303,150,153
utilizado,101,50,51
uísque,101,50,51
vacinação,101,50,51
vaga,202,100,102
vago,101,50,51
vagão,101,50,51
vai,1414,700,714
vaias,101,50,51
vale,303,150,153
valendo,101,50,51
valeria,101,50,51
valor,404,200,204
valores,101,50,51
valorizados,101,50,51
valorização,101,50,51
vamos,303,150,153
vantagem,101,50,51
varejo,202,100,102
varia,101,50,51
variado,202,100,102
variam,101,50,51
variação,101,50,51
vasilhas,101,50,51
veio,101,50,51
vejo,101,50,51
vela,101,50,51
velha,202,100,102
velhas,101,50,51
velho,202,100,102
veloz,101,50,51
vem,404,200,204
venal,101,50,51
vencedor,101,50,51
vencer,101,50,51
venceslau,101,50,51
venda,101,50,51
vendas,404,200,204
vendendo,101,50,51
vender,101,50,51
vendidos,202,100,102
vendo,101,50,51
venezuela,101,50,51
venho,101,50,51
vento,101,50,51
ver,808,400,408
verba,101,50,51
verdade,101,50,51
vermelho,202,100,102
versão,101,50,51
verão,202,100,102
vestibulares,101,50,51
vestir,101,50,51
vetava,101,50,51
vexames,101,50,51
vez,707,350,357
vezes,707,350,357
veículo,202,100,102
veículos,303,150,153
vi,101,50,51
via,101,50,51
viagem,101,50,51
viagens,101,50,51
viana,101,50,51
vias,101,50,51
vibrações,202,100,102
vida,505,250,255
vidas,101,50,51
videoclipes,202,100,102
videoteipes,101,50,51
vigilância,101,50,51
vigor,202,100,102
vigorar,101,50,51
vigoroso,101,50,51
vingança,101,50,51
vingará,101,50,51
vinha,101,50,51
vinte,2222,1100,1122
viola,303,150,153
violado,101,50,51
violão,101,50,51
violência,202,100,102
vir,101,50,51
viram,101,50,51
viraram,101,50,51
virou,202,100,102
virtude,101,50,51
visita,101,50,51
visitados,101,50,51
visitá-lo,101,50,51
vistas,101,50,51
visual,101,50,51
visíveis,101,50,51
vitória,909,450,459
viu,202,100,102
viva,202,100,102
vive,101,50,51
vive-se,101,50,51
viver,101,50,51
viveria,101,50,51
vivo,202,100,102
viés,101,50,51
vocabulário,101,50,51
você,808,400,408
vocês,202,100,102
volta,303,150,153
voltado,101,50,51
voltam,101,50,51
voltam-se,101,50,51
voltamos,101,50,51
voltar,303,150,153
voltaram,101,50,51
volto,101,50,51
voltou,404,200,204
volume,101,50,51
voluntariosa,101,50,51
voluntários,101,50,51
vontade,202,100,102
votada,101,50,51
votaram,101,50,51
votação,101,50,51
voto,101,50,51
votos,202,100,102
vou,505,250,255
voz,101,50,51
válidos,101,50,51
várias,303,150,153
vários,303,150,153
vão,404,200,204
vésperas,101,50,51
vê,101,50,51
vêm,202,100,102
vídeo,101,50,51
vírgula,404,200,204
vírus,101,50,51
vítima,101,50,51
xavier,202,100,102
zero,101,50,51
zico,101,50,51
zona,101,50,51
zélia,101,50,51
à,3232,1600,1632
às,1414,700,714
água,303,150,153
álcool,101,50,51
área,202,100,102
áreas,101,50,51
árvores,101,50,51
áustria,101,50,51
é,16462,8150,8312
época,202,100,102
ética,101,50,51
êxito,101,50,51
índia,101,50,51
índice,101,50,51
índices,101,50,51
índio,101,50,51
índios,101,50,51
óbvias,101,50,51
ópera,101,50,51
ótica,101,50,51
ótima,101,50,51
ônibus,202,100,102
ônus,101,50,51
última,202,100,102
último,202,100,102
últimos,404,200,204
única,404,200,204
único,101,50,51
úteis,202,100,102
útero,101,50,51
